asset_class,description,digits,lot_size,margin_pro_pct,margin_retail_pct,max_trade_size_lots,min_tick_increment,min_trade_size_lots,normalized_symbol_key,pdf_section,pip_value,raw_pdf_symbol,region,subtype,swap_long,swap_short,trading_hours
FOREX,Canadian Dollar vs Swiss Franc,5,100000.0,0.5,3.33,100.0,1e-05,0.01,CADCHF,FOREX,10 CHF per 0.0001,CADCHF,,spot_fx,-22.98,-22.98,22:06-24:00 00:00-22:00; 22:06-24:00 00:00-21:55
FOREX,Canadian Dollar vs Japanese Yen,3,100000.0,0.5,3.33,100.0,0.001,0.01,CADJPY,FOREX,1000 JPY per 0.01,CADJPY,,spot_fx,-44.23,-44.23,22:06-24:00 00:00-22:00; 22:06-24:00 00:00-21:55
FOREX,Swiss Franc vs Japanese Yen,3,100000.0,0.5,3.33,100.0,0.001,0.01,CHFJPY,FOREX,1000 JPY per 0.01,CHFJPY,,spot_fx,-76.98,-76.98,22:06-24:00 00:00-22:00; 22:06-24:00 00:00-21:55
FOREX,Euro vs Canadian Dollar,5,100000.0,0.5,3.33,100.0,1e-05,0.01,EURCAD,FOREX,10 CAD per 0.0001,EURCAD,,spot_fx,-76.07,-76.07,22:06-24:00 00:00-22:00; 22:06-24:00 00:00-21:55
FOREX,Euro vs Swiss Franc,5,100000.0,0.5,3.33,100.0,1e-05,0.01,EURCHF,FOREX,10 CHF per 0.0001,EURCHF,,spot_fx,-37.31,-37.31,22:06-24:00 00:00-22:00; 22:06-24:00 00:00-21:55
FOREX,Euro vs British Pound,5,100000.0,0.5,3.33,100.0,1e-05,0.01,EURGBP,FOREX,10 GBP per 0.0001,EURGBP,,spot_fx,-44.22,-44.22,22:06-24:00 00:00-22:00; 22:06-24:00 00:00-21:55
FOREX,Euro vs Japanese Yen,3,100000.0,0.5,3.33,100.0,0.001,0.01,EURJPY,FOREX,1000 JPY per 0.01,EURJPY,,spot_fx,-71.81,-71.81,22:06-24:00 00:00-22:00; 22:06-24:00 00:00-21:55
FOREX,Euro vs US Dollar,5,100000.0,0.5,3.33,100.0,1e-05,0.01,EURUSD,FOREX,10 USD per 0.0001,EURUSD,,spot_fx,-54.83,-54.83,22:03-24:00 00:00-22:00; 22:03-24:00 00:00-21:55
FOREX,British Pound vs Canadian Dollar,5,100000.0,0.5,3.33,100.0,1e-05,0.01,GBPCAD,FOREX,10 CAD per 0.0001,GBPCAD,,spot_fx,-87.66,-87.66,22:06-24:00 00:00-22:00; 22:06-24:00 00:00-21:55
FOREX,British Pound vs Swiss Franc,5,100000.0,0.5,3.33,100.0,1e-05,0.01,GBPCHF,FOREX,10 CHF per 0.0001,GBPCHF,,spot_fx,-43.0,-43.0,22:06-24:00 00:00-22:00; 22:06-24:00 00:00-21:55
FOREX,British Pound vs Japanese Yen,3,100000.0,0.5,3.33,100.0,0.001,0.01,GBPJPY,FOREX,1000 JPY per 0.01,GBPJPY,,spot_fx,-82.75,-82.75,22:06-24:00 00:00-22:00; 22:06-24:00 00:00-21:55
FOREX,British Pound vs US Dollar,5,100000.0,0.5,3.33,100.0,1e-05,0.01,GBPUSD,FOREX,10 USD per 0.0001,GBPUSD,,spot_fx,-69.95,-69.95,22:03-24:00 00:00-22:00; 22:03-24:00 00:00-21:55
FOREX,US Dollar vs Canadian Dollar,5,100000.0,0.5,3.33,100.0,1e-05,0.01,USDCAD,FOREX,10 CAD per 0.0001,USDCAD,,spot_fx,-64.72,-64.72,22:03-24:00 00:00-22:00; 22:03-24:00 00:00-21:55
FOREX,US Dollar vs Swiss Franc,5,100000.0,0.5,3.33,100.0,1e-05,0.01,USDCHF,FOREX,10 CHF per 0.0001,USDCHF,,spot_fx,-31.75,-31.75,22:03-24:00 00:00-22:00; 22:03-24:00 00:00-21:55
FOREX,US Dollar vs Japanese Yen,3,100000.0,0.5,3.33,100.0,0.001,0.01,USDJPY,FOREX,1000 JPY per 0.01,USDJPY,,spot_fx,-61.1,-61.1,22:03-24:00 00:00-22:00; 22:03-24:00 00:00-21:55
FOREX,Australian Dollar vs Canadian Dollar,5,100000.0,0.5,5.0,100.0,1e-05,0.01,AUDCAD,FOREX,10 CAD per 0.0001,AUDCAD,,spot_fx,-38.09,-38.09,22:06-24:00 00:00-22:00; 22:06-24:00 00:00-21:55
FOREX,Australian Dollar vs Swiss Franc,5,100000.0,0.5,5.0,100.0,1e-05,0.01,AUDCHF,FOREX,10 CHF per 0.0001,AUDCHF,,spot_fx,-18.3,-18.3,22:06-24:00 00:00-22:00; 22:06-24:00 00:00-21:55
FOREX,Australian Dollar vs Japanese Yen,3,100000.0,0.5,5.0,100.0,0.001,0.01,AUDJPY,FOREX,1000 JPY per 0.01,AUDJPY,,spot_fx,-35.39,-35.39,22:06-24:00 00:00-22:00; 22:06-24:00 00:00-21:55
FOREX,Australian Dollar vs New Zealand Dollar,5,100000.0,0.5,5.0,100.0,1e-05,0.01,AUDNZD,FOREX,10 NZD per 0.0001,AUDNZD,,spot_fx,-47.95,-47.95,22:06-24:00 00:00-22:00; 22:06-24:00 00:00-21:55
FOREX,Australian Dollar vs US Dollar,5,100000.0,0.5,5.0,100.0,1e-05,0.01,AUDUSD,FOREX,10 USD per 0.0001,AUDUSD,,spot_fx,-30.73,-30.73,22:06-24:00 00:00-22:00; 22:06-24:00 00:00-21:55
FOREX,Euro vs Australian Dollar,5,100000.0,0.5,5.0,100.0,1e-05,0.01,EURAUD,FOREX,10 AUD per 0.0001,EURAUD,,spot_fx,-80.03,-80.03,22:06-24:00 00:00-22:00; 22:06-24:00 00:00-21:55
FOREX,Euro vs New Zealand Dollar,5,100000.0,0.5,5.0,100.0,1e-05,0.01,EURNZD,FOREX,10 NZD per 0.0001,EURNZD,,spot_fx,-85.53,-85.53,22:06-24:00 00:00-22:00; 22:06-24:00 00:00-21:55
FOREX,British Pound vs Australian Dollar,5,100000.0,0.5,5.0,100.0,1e-05,0.01,GBPAUD,FOREX,10 AUD per 0.0001,GBPAUD,,spot_fx,-92.24,-92.24,22:06-24:00 00:00-22:00; 22:06-24:00 00:00-21:55
FOREX,British Pound vs New Zealand Dollar,5,100000.0,0.5,5.0,100.0,1e-05,0.01,GBPNZD,FOREX,10 NZD per 0.0001,GBPNZD,,spot_fx,-98.57,-98.57,22:03-24:00 00:00-22:00; 22:03-24:00 00:00-21:55
FOREX,New Zealand vs Canadian Dollar,5,100000.0,0.5,5.0,100.0,1e-05,0.01,NZDCAD,FOREX,10 CAD per 0.0001,NZDCAD,,spot_fx,-34.34,-34.34,22:06-24:00 00:00-22:00; 22:06-24:00 00:00-21:55
FOREX,New Zealand Dollar vs Swiss Franc,5,100000.0,0.5,5.0,100.0,1e-05,0.01,NZDCHF,FOREX,10 CHF per 0.0001,NZDCHF,,spot_fx,-16.5,-16.5,22:06-24:00 00:00-22:00; 22:06-24:00 00:00-21:55
FOREX,New Zealand Dollar vs Japanese Yen,3,100000.0,0.5,5.0,100.0,0.001,0.01,NZDJPY,FOREX,1000 JPY per 0.01,NZDJPY,,spot_fx,-31.9,-31.9,22:06-24:00 00:00-22:00; 22:06-24:00 00:00-21:55
FOREX,New Zealand Dollar vs US Dollar,5,100000.0,0.5,5.0,100.0,1e-05,0.01,NZDUSD,FOREX,10 USD per 0.0001,NZDUSD,,spot_fx,-27.71,-27.71,22:06-24:00 00:00-22:00; 22:06-24:00 00:00-21:55
FOREX,Euro vs Norwegian Krone,4,100000.0,0.5,5.0,100.0,0.0001,0.01,EURNOK,FOREX,10 NOK per 0.001,EURNOK,,spot_fx,-195.62,-195.62,- 03:05-20:55 03:05-20:55
FOREX,Euro vs Swedish Krona,4,100000.0,0.5,5.0,100.0,0.0001,0.01,EURSEK,FOREX,10 SEK per 0.001,EURSEK,,spot_fx,-176.61,-176.61,- 03:05-20:55 03:05-20:55
FOREX,US Dollar vs Hong Kong Dollar,5,100000.0,0.5,5.0,100.0,1e-05,0.01,USDHKD,FOREX,10 HKD per 0.0001,USDHKD,,spot_fx,-1272.11,-1272.11,- 03:05-20:55 03:05-20:55
FOREX,US Dollar vs Mexican Peso,4,100000.0,0.5,5.0,100.0,0.0001,0.01,USDMXN,FOREX,10 MXN per 0.001,USDMXN,,spot_fx,-329.1,-329.1,- 03:05-20:55 03:05-20:55
FOREX,US Dollar vs Norwegian Krone,4,100000.0,0.5,5.0,100.0,0.0001,0.01,USDNOK,FOREX,10 NOK per 0.001,USDNOK,,spot_fx,-166.44,-166.44,- 03:05-20:55 03:05-20:55
FOREX,US Dollar vs Swedish Krona,4,100000.0,0.5,5.0,100.0,0.0001,0.01,USDSEK,FOREX,10 SEK per 0.001,USDSEK,,spot_fx,-150.26,-150.26,- 03:05-20:55 03:05-20:55
FOREX,US Dollar vs Singapore Dollar,4,100000.0,0.5,5.0,100.0,0.0001,0.01,USDSGD,FOREX,10 SGD per 0.001,USDSGD,,spot_fx,-20.49,-20.49,- 03:05-20:55 03:05-20:55
FOREX,US Dollar vs South African Rand,4,100000.0,0.5,5.0,100.0,0.0001,0.01,USDZAR,FOREX,10 ZAR per 0.001,USDZAR,,spot_fx,-305.33,-305.33,- 03:05-20:55 03:05-20:55
FOREX,Euro vs Polish Zloty,4,100000.0,0.5,5.0,100.0,0.0001,0.01,EURPLN,FOREX,10 PLN per 0.001,EURPLN,,spot_fx,-71.36,-71.36,- 06:15-15:00 06:15-15:00
FOREX,Euro vs Turkish Lira,5,100000.0,0.5,5.0,100.0,1e-05,0.01,EURTRY,FOREX,10 TRY per 0.0001,EURTRY,,spot_fx,-12907.54,-12907.54,- 06:15-15:00 06:15-15:00
FOREX,US Dollar vs Polish Zloty,4,100000.0,0.5,5.0,100.0,0.0001,0.01,USDPLN,FOREX,10 PLN per 0.001,USDPLN,,spot_fx,-60.71,-60.71,- 06:15-15:00 06:15-15:00
FOREX,US Dollar vs Turkish Lira,5,100000.0,0.5,5.0,100.0,1e-05,0.01,USDTRY,FOREX,10 TRY per 0.0001,USDTRY,,spot_fx,-10973.46,-10973.46,- 06:15-15:00 06:15-15:00 -- 1 of 7 --
METALS,Copper (Metric ton),0,1.0,2.0,10.0,100.0,1.0,0.01,COPPER-CASH,METALS,1 USD per 1,COPPER-cash,,spot_metal,-25.94,-25.94,- 01:00-19:00 01:00-19:00
METALS,Palladium (per Troy Ounce),2,100.0,2.0,10.0,100.0,0.01,0.01,XPDUSD,METALS,1 USD per 0.01,XPDUSD,,spot_metal,-212.65,-212.65,23:01-24:00 00:00-22:00; 23:01-24:00 00:00-21:55
METALS,Platinum (per Troy Ounce),2,100.0,2.0,10.0,100.0,0.01,0.01,XPTUSD,METALS,1 USD per 0.01,XPTUSD,,spot_metal,-259.51,-259.51,23:01-24:00 00:00-22:00; 23:01-24:00 00:00-21:55
METALS,Silver vs US Dollar,3,1000.0,2.0,10.0,100.0,0.001,0.01,XAGUSD,METALS,1 USD per 0.001,XAGUSD,,spot_metal,-25.54,-25.54,23:01-24:00 00:00-22:00; 23:01-24:00 00:00-21:55
METALS,Gold vs US Dollar,2,100.0,2.0,5.0,100.0,0.01,0.01,XAUUSD,METALS,1 USD per 0.01,XAUUSD,,spot_metal,-122.25,-122.25,23:01-24:00 00:00-22:00; 23:01-24:00 00:00-21:55
INDICES,ASX SPI 200 Index,0,10.0,2.0,5.0,100.0,1.0,0.01,ASX-CASH,INDICES,10 AUD per 1,ASX-cash,,index_cfd,-4.85,-4.85,22:50-24:00 00:00-05:30; 06:10-20:00; 22:50-24:00 00:00-05:30; 06:10-20:00
INDICES,CAC 40 Index,1,10.0,2.0,5.0,100.0,0.1,0.01,CAC-CASH,INDICES,1 EUR per 0.1,CAC-cash,,index_cfd,-39.25,-39.25,- 07:00-21:00 07:00-21:00
INDICES,DAX 30 Index,1,25.0,2.0,5.0,100.0,0.1,0.01,DAX-CASH,INDICES,2.50 EUR per 0.1,DAX-cash,,index_cfd,-97.04,-97.04,23:05-24:00 00:15-22:00; 23:00-24:00 00:15-20:55
INDICES,DJ Euro Stoxx Index,1,10.0,2.0,5.0,100.0,0.1,0.01,EUSX-CASH,INDICES,1 EUR per 0.1,EUSX-cash,,index_cfd,-152.84,-152.84,- 07:00-21:00 07:00-21:00
INDICES,IBEX 35 Index,0,10.0,2.0,10.0,100.0,1.0,0.01,IBEX-CASH,INDICES,10 EUR per 1,IBEX-cash,,index_cfd,-7.62,-7.62,- 07:00-19:00 07:00-19:00
INDICES,FTSE/MIB Index,0,5.0,2.0,10.0,100.0,1.0,0.01,MIB-CASH,INDICES,5 EUR per 1,MIB-cash,,index_cfd,-21.19,-21.19,- 07:00-21:00 07:00-21:00
INDICES,SMI 20 Index,0,10.0,2.0,10.0,100.0,1.0,0.01,SMI-CASH,INDICES,10 CHF per 1,SMI-cash,,index_cfd,-5.53,-5.53,- 07:00-21:00 07:00-21:00
INDICES,FTSE 100 Index,1,10.0,2.0,5.0,100.0,0.1,0.01,FTSE-CASH,INDICES,1 GBP per 0.1,FTSE-cash,,index_cfd,-51.46,-51.46,23:05-24:00 00:00-22:00; 23:00-24:00 00:00-20:55
INDICES,US Dollar Index,3,1000.0,2.0,10.0,100.0,0.001,0.01,DXY-CASH,INDICES,1 USD per 0.001,DXY-cash,,index_cfd,-55.17,-55.17,- 00:00-21:00 00:00-21:00
INDICES,E-mini Dow Jones Index,0,5.0,2.0,5.0,100.0,1.0,0.01,DOW-CASH,INDICES,5 USD per 1,DOW-cash,,index_cfd,-25.67,-25.67,23:01-24:00 00:00-22:00; 23:01-24:00 00:00-21:55
INDICES,Nikkei 225 Index,0,10.0,2.0,5.0,100.0,1.0,0.01,NK-CASH,INDICES,10 USD per 1,NK-cash,,index_cfd,-24.81,-24.81,23:01-24:00 00:00-22:00; 23:01-24:00 00:00-21:55
INDICES,E-mini Nasdaq100 Index,2,20.0,2.0,5.0,100.0,0.01,0.01,NSDQ-CASH,INDICES,0.20 USD per 0.01,NSDQ-cash,,index_cfd,-396.29,-396.29,23:01-24:00 00:00-22:00; 23:01-24:00 00:00-21:55
INDICES,E-mini Russell 2000 Index,1,50.0,2.0,5.0,100.0,0.1,0.01,RTY-CASH,INDICES,5 USD per 0.1,RTY-cash,,index_cfd,-74.15,-74.15,23:01-24:00 00:00-22:00; 23:01-24:00 00:00-21:55
INDICES,E-mini S&P500 Index,1,50.0,2.0,5.0,100.0,0.1,0.01,SP-CASH,INDICES,5 USD per 0.1,SP-cash,,index_cfd,-27.04,-27.04,23:01-24:00 00:00-22:00; 23:01-24:00 00:00-21:55
COMMODITIES,Brent Crude Oil (Barrels),2,1000.0,2.0,10.0,100.0,0.01,0.01,BRNT-CASH,COMMODITIES,10 USD per 0.01,BRNT-cash,,commodity_cfd,-6.41,-6.41,- 01:00-22:00 01:00-21:55
COMMODITIES,Light Sweet Crude Oil (Barrels),2,1000.0,2.0,10.0,100.0,0.01,0.01,CL-CASH,COMMODITIES,10 USD per 0.01,CL-cash,,commodity_cfd,-6.04,-6.04,23:01-24:00 00:00-22:00; 23:01-24:00 00:00-21:55
COMMODITIES,Natural Gas (mmBtu),3,10000.0,2.0,10.0,100.0,0.001,0.01,NGAS-CASH,COMMODITIES,100 USD per 0.001,NGAS-cash,,commodity_cfd,-8.66,-8.66,23:01-24:00 00:00-22:00; 23:01-24:00 00:00-21:55
COMMODITIES,Cocoa (metric tons),0,10.0,2.0,10.0,100.0,1.0,0.01,COCOA-CASH,COMMODITIES,10 USD per 1,COCOA-cash,,commodity_cfd,-7.64,-7.64,- 09:45-18:30 09:45-18:25
COMMODITIES,Coffee (pounds),2,100.0,2.0,10.0,100.0,0.01,0.01,COFFEE-CASH,COMMODITIES,1 USD per 0.01,COFFEE-cash,,commodity_cfd,-37.38,-37.38,- 09:15-18:30 09:15-18:25
COMMODITIES,Corn (bushels),2,50.0,2.0,10.0,100.0,0.01,0.01,CORN-CASH,COMMODITIES,0.5 USD per 0.01,CORN-cash,,commodity_cfd,-38.68,-38.68,- 01:00-13:45; 14:30-19:20 01:00-13:45; 14:30-19:15
COMMODITIES,Cotton (pounds),2,500.0,2.0,10.0,100.0,0.01,0.01,COTTON-CASH,COMMODITIES,5 USD per 0.01,COTTON-cash,,commodity_cfd,-6.25,-6.25,- 02:05-19:20 02:05-19:15
COMMODITIES,Soybean (bushels),2,50.0,2.0,10.0,100.0,0.01,0.01,SBEAN-CASH,COMMODITIES,0.5 USD per 0.01,SBEAN-cash,,commodity_cfd,-97.65,-97.65,- 01:00-13:45; 14:30-19:20 01:00-13:45; 14:30-19:15
COMMODITIES,Sugar (pounds),2,100.0,2.0,10.0,100.0,0.01,0.01,SUGAR-CASH,COMMODITIES,1 USD per 0.01,SUGAR-cash,,commodity_cfd,-1.5,-1.5,- 08:30-18:00 08:30-17:55
COMMODITIES,Wheat (tonnes),2,50.0,2.0,10.0,100.0,0.01,0.01,WHEAT-CASH,COMMODITIES,0.5 USD per 0.01,WHEAT-cash,,commodity_cfd,-48.31,-48.31,- 01:00-13:45; 14:30-19:20 01:00-13:45; 14:30-19:15
COMMODITIES,Lumber (board feet),2,100.0,2.0,10.0,100.0,0.01,0.01,LUMBER-CASH,COMMODITIES,1 USD per 0.01,LUMBER-cash,,commodity_cfd,-53.55,-53.55,- 15:00-21:00 15:00-21:00
CRYPTO,Cardano vs US Dollar,4,100.0,20.0,50.0,100.0,0.0001,0.01,ADAUSD,CRYPTO,0.01 USD per 0.0001,ADAUSD,,crypto_spot,-69.52,-69.52,22:00-22:00
CRYPTO,Bitcoin Cash vs US Dollar,2,100.0,20.0,50.0,100.0,0.01,0.01,BCHUSD,CRYPTO,1 USD per 0.01,BCHUSD,,crypto_spot,-458.71,-458.71,22:00-22:00
CRYPTO,Binance Coin vs US Dollar,2,10.0,20.0,50.0,100.0,0.01,0.01,BNBUSD,CRYPTO,0.10 USD per 0.01,BNBUSD,,crypto_spot,-713.67,-713.67,22:00-22:00
CRYPTO,Bitcoin vs US Dollar,2,1.0,20.0,50.0,100.0,0.01,0.01,BTCUSD,CRYPTO,0.01 USD per 0.01,BTCUSD,,crypto_spot,-62877.61,-62877.61,22:00-22:00
CRYPTO,Dash vs US Dollar,2,10.0,20.0,50.0,100.0,0.01,0.01,DASHUSD,CRYPTO,0.10 USD per 0.01,DASHUSD,,crypto_spot,-20.44,-20.44,22:00-22:00
CRYPTO,Dogecoin vs US Dollar,4,100.0,20.0,50.0,100.0,0.0001,0.01,DOGEUSD,CRYPTO,0.01 USD per 0.0001,DOGEUSD,,crypto_spot,-19.21,-19.21,22:00-22:00
CRYPTO,Polkadot vs US Dollar,3,100.0,20.0,50.0,100.0,0.001,0.01,DOTUSD,CRYPTO,0.10 USD per 0.001,DOTUSD,,crypto_spot,-32.61,-32.61,22:00-22:00
CRYPTO,Ethereum vs US Dollar,2,1.0,20.0,50.0,100.0,0.01,0.01,ETHUSD,CRYPTO,0.01 USD per 0.01,ETHUSD,,crypto_spot,-3502.47,-3502.47,22:00-22:00
CRYPTO,Chainlink vs US Dollar,3,100.0,20.0,50.0,100.0,0.001,0.01,LINKUSD,CRYPTO,0.10 USD per 0.001,LINKUSD,,crypto_spot,-186.1,-186.1,22:00-22:00
CRYPTO,Litecoin vs US Dollar,3,10.0,20.0,50.0,100.0,0.001,0.01,LTCUSD,CRYPTO,0.01 USD per 0.001,LTCUSD,,crypto_spot,-917.16,-917.16,22:00-22:00
CRYPTO,Mana vs US Dollar,4,100.0,20.0,50.0,100.0,0.0001,0.01,MANAUSD,CRYPTO,0.01 USD per 0.0001,MANAUSD,,crypto_spot,-26.55,-26.55,22:00-22:00
CRYPTO,Sandbox vs US Dollar,4,100.0,20.0,50.0,100.0,0.0001,0.01,SANDUSD,CRYPTO,0.01 USD per 0.0001,SANDUSD,,crypto_spot,-23.83,-23.83,22:00-22:00
CRYPTO,Solana vs US Dollar,2,10.0,20.0,50.0,100.0,0.01,0.01,SOLUSD,CRYPTO,0.10 USD per 0.01,SOLUSD,,crypto_spot,-173.06,-173.06,22:00-22:00
CRYPTO,Sui vs US Dollar,4,1000.0,20.0,50.0,100.0,0.0001,0.01,SUIUSD,CRYPTO,0.10 USD per 0.0001,SUIUSD,,crypto_spot,-274.55,-274.55,22:00-22:00
CRYPTO,Trump vs US Dollar,3,1000.0,20.0,50.0,100.0,0.001,0.01,TRUMPUSD,CRYPTO,1 USD per 0.001,TRUMPUSD,,crypto_spot,-62.75,-62.75,22:00-22:00
CRYPTO,Tron vs US Dollar,5,100000.0,20.0,50.0,100.0,1e-05,0.01,TRXUSD,CRYPTO,1 USD per 0.00001,TRXUSD,,crypto_spot,-276.59,-276.59,22:00-22:00
CRYPTO,Monero vs US Dollar,2,10.0,20.0,50.0,100.0,0.01,0.01,XMRUSD,CRYPTO,0.10 USD per 0.01,XMRUSD,,crypto_spot,-218.95,-218.95,22:00-22:00
CRYPTO,Ripple vs US Dollar,4,100.0,20.0,50.0,100.0,0.0001,0.01,XRPUSD,CRYPTO,0.01 USD per 0.0001,XRPUSD,,crypto_spot,-241.62,-241.62,22:00-22:00 -- 2 of 7 --
STOCKS,American Airlines Group Inc.,2,100.0,10.0,20.0,100.0,0.01,0.01,AAL,STOCKS US,1 USD per 0.01,AAL,US,equity,-0.81,-0.81,14:30-21:00
STOCKS,Abbott Laboratories,2,100.0,10.0,20.0,100.0,0.01,0.01,ABBOT,STOCKS US,1 USD per 0.01,ABBOT,US,equity,-8.18,-8.18,14:30-21:00
STOCKS,AbbVie Inc.,2,100.0,10.0,20.0,100.0,0.01,0.01,ABBV,STOCKS US,1 USD per 0.01,ABBV,US,equity,-12.84,-12.84,14:30-21:00
STOCKS,Airbnb Inc.,2,100.0,10.0,20.0,100.0,0.01,0.01,ABNB,STOCKS US,1 USD per 0.01,ABNB,US,equity,-7.68,-7.68,14:30-21:00
STOCKS,Aurora Cannabis Inc.,2,100.0,10.0,20.0,100.0,0.01,0.01,ACBFF,STOCKS US,1 USD per 0.01,ACBFF,US,equity,-0.3,-0.3,14:30-21:00
STOCKS,Alcoa Corp.,2,100.0,10.0,20.0,100.0,0.01,0.01,ALCOA,STOCKS US,1 USD per 0.01,ALCOA,US,equity,-1.92,-1.92,14:30-21:00
STOCKS,Alibaba Group Holding Ltd - ADR,2,100.0,10.0,20.0,100.0,0.01,0.01,ALIBABA,STOCKS US,1 USD per 0.01,ALIBABA,US,equity,-8.61,-8.61,14:30-21:00
STOCKS,Amazon.com Inc.,2,100.0,10.0,20.0,100.0,0.01,0.01,AMAZON,STOCKS US,1 USD per 0.01,AMAZON,US,equity,-14.43,-14.43,14:30-21:00
STOCKS,Advanced Micro Devices Inc.,2,100.0,10.0,20.0,100.0,0.01,0.01,AMD,STOCKS US,1 USD per 0.01,AMD,US,equity,-9.23,-9.23,14:30-21:00
STOCKS,American Express Company,2,100.0,10.0,20.0,100.0,0.01,0.01,AMEX,STOCKS US,1 USD per 0.01,AMEX,US,equity,-19.99,-19.99,14:30-21:00
STOCKS,America Movil SAB de CV ADR Series L,2,100.0,10.0,20.0,100.0,0.01,0.01,AMX,STOCKS US,1 USD per 0.01,AMX,US,equity,-1.2,-1.2,14:30-21:00
STOCKS,Apple Inc.,2,100.0,10.0,20.0,100.0,0.01,0.01,APPLE,STOCKS US,1 USD per 0.01,APPLE,US,equity,-14.76,-14.76,14:30-21:00
STOCKS,ARM Holdings plc,2,100.0,10.0,20.0,100.0,0.01,0.01,ARM,STOCKS US,1 USD per 0.01,ARM,US,equity,-8.55,-8.55,14:30-21:00
STOCKS,ASML Holding NV ADR,2,100.0,10.0,20.0,100.0,0.01,0.01,ASMLUS,STOCKS US,1 USD per 0.01,ASMLUS,US,equity,-48.55,-48.55,14:30-21:00
STOCKS,AT&T Inc.,2,100.0,10.0,20.0,100.0,0.01,0.01,ATNT,STOCKS US,1 USD per 0.01,ATnT,US,equity,-1.77,-1.77,14:30-21:00
STOCKS,Baidu Inc.,2,100.0,10.0,20.0,100.0,0.01,0.01,BAIDU,STOCKS US,1 USD per 0.01,BAIDU,US,equity,-6.69,-6.69,14:30-21:00
STOCKS,Credicorp Ltd.,2,100.0,10.0,20.0,100.0,0.01,0.01,BAP,STOCKS US,1 USD per 0.01,BAP,US,equity,-16.2,-16.2,14:30-21:00
STOCKS,BlackBerry Ltd.,2,100.0,10.0,20.0,100.0,0.01,0.01,BBRY,STOCKS US,1 USD per 0.01,BBRY,US,equity,-0.24,-0.24,14:30-21:00
STOCKS,Banco de Chile,2,100.0,10.0,20.0,100.0,0.01,0.01,BCH,STOCKS US,1 USD per 0.01,BCH,US,equity,-1.87,-1.87,14:30-21:00
STOCKS,Biogen Inc.,2,100.0,10.0,20.0,100.0,0.01,0.01,BIIB,STOCKS US,1 USD per 0.01,BIIB,US,equity,-8.51,-8.51,14:30-21:00
STOCKS,Booking Holdings Inc.,2,100.0,10.0,20.0,100.0,0.01,0.01,BKNG,STOCKS US,1 USD per 0.01,BKNG,US,equity,-342.92,-342.92,14:30-21:00
STOCKS,Banco Latinoamericano de Comercio Exterior SA,2,100.0,10.0,20.0,100.0,0.01,0.01,BLX,STOCKS US,1 USD per 0.01,BLX,US,equity,-2.85,-2.85,14:30-21:00
STOCKS,Bank of America Corp.,2,100.0,10.0,20.0,100.0,0.01,0.01,BOA,STOCKS US,1 USD per 0.01,BOA,US,equity,-3.03,-3.03,14:30-21:00
STOCKS,Boeing Co.,2,100.0,10.0,20.0,100.0,0.01,0.01,BOEING,STOCKS US,1 USD per 0.01,BOEING,US,equity,-14.14,-14.14,14:30-21:00
STOCKS,Broadcom Inc.,2,100.0,10.0,20.0,100.0,0.01,0.01,BROADCOM,STOCKS US,1 USD per 0.01,BROADCOM,US,equity,-21.07,-21.07,14:30-21:00
STOCKS,Banco Santander-Chile,2,100.0,10.0,20.0,100.0,0.01,0.01,BSAC,STOCKS US,1 USD per 0.01,BSAC,US,equity,-1.58,-1.58,14:30-21:00
STOCKS,Beyond Meat Inc.,2,100.0,10.0,20.0,100.0,0.01,0.01,BYND,STOCKS US,1 USD per 0.01,BYND,US,equity,-0.15,-0.15,14:30-21:00
STOCKS,Caterpillar Inc.,2,100.0,10.0,20.0,100.0,0.01,0.01,CATERPILLAR,STOCKS US,1 USD per 0.01,CATERPILLAR,US,equity,-25.79,-25.79,14:30-21:00
STOCKS,Compania Cervecerias Unidas SA,2,100.0,10.0,20.0,100.0,0.01,0.01,CCU,STOCKS US,1 USD per 0.01,CCU,US,equity,-0.75,-0.75,14:30-21:00
STOCKS,CEMEX SAB de CV,2,100.0,10.0,20.0,100.0,0.01,0.01,CEMEX,STOCKS US,1 USD per 0.01,CEMEX,US,equity,-0.59,-0.59,14:30-21:00
STOCKS,Canopy Growth Corp.,2,100.0,10.0,20.0,100.0,0.01,0.01,CGC,STOCKS US,1 USD per 0.01,CGC,US,equity,-0.09,-0.09,14:30-21:00
STOCKS,Chevron Corporation,2,100.0,10.0,20.0,100.0,0.01,0.01,CHEVRON,STOCKS US,1 USD per 0.01,CHEVRON,US,equity,-9.44,-9.44,14:30-21:00
STOCKS,Cisco Systems Inc.,2,100.0,10.0,20.0,100.0,0.01,0.01,CISCO,STOCKS US,1 USD per 0.01,CISCO,US,equity,-4.13,-4.13,14:30-21:00
STOCKS,Citigroup Inc.,2,100.0,10.0,20.0,100.0,0.01,0.01,CITIGROUP,STOCKS US,1 USD per 0.01,CitiGroup,US,equity,-5.85,-5.85,14:30-21:00
STOCKS,Coca-Cola Co.,2,100.0,10.0,20.0,100.0,0.01,0.01,COCACOLA,STOCKS US,1 USD per 0.01,COCACOLA,US,equity,-4.18,-4.18,14:30-21:00
STOCKS,Coinbase Global Inc.,2,100.0,10.0,20.0,100.0,0.01,0.01,COIN,STOCKS US,1 USD per 0.01,COIN,US,equity,-18.69,-18.69,14:30-21:00
STOCKS,Copa Holdings SA,2,100.0,10.0,20.0,100.0,0.01,0.01,CPA,STOCKS US,1 USD per 0.01,CPA,US,equity,-7.16,-7.16,14:30-21:00
STOCKS,Cementos Pacasmayo SAA,2,100.0,10.0,20.0,100.0,0.01,0.01,CPAC,STOCKS US,1 USD per 0.01,CPAC,US,equity,-0.41,-0.41,14:30-21:00
STOCKS,Delta Air Lines Inc.,2,100.0,10.0,20.0,100.0,0.01,0.01,DELTA,STOCKS US,1 USD per 0.01,DELTA,US,equity,-3.75,-3.75,14:30-21:00
STOCKS,Diginex Ltd.,2,100.0,10.0,20.0,100.0,0.01,0.01,DIGINEX,STOCKS US,1 USD per 0.01,DIGINEX,US,equity,-1.11,-1.11,14:30-21:00
STOCKS,Walt Disney Co.,2,100.0,10.0,20.0,100.0,0.01,0.01,DISNEY,STOCKS US,1 USD per 0.01,DISNEY,US,equity,-7.25,-7.25,14:30-21:00
STOCKS,Trump Media & Technology Group Corp.,2,100.0,10.0,20.0,100.0,0.01,0.01,DJT,STOCKS US,1 USD per 0.01,DJT,US,equity,-1.03,-1.03,14:30-21:00
STOCKS,eBay Inc.,2,100.0,10.0,20.0,100.0,0.01,0.01,EBAY,STOCKS US,1 USD per 0.01,EBAY,US,equity,-5.71,-5.71,14:30-21:00
STOCKS,Establishment Labs Holdings Inc.,2,100.0,10.0,20.0,100.0,0.01,0.01,ESTA,STOCKS US,1 USD per 0.01,ESTA,US,equity,-2.35,-2.35,14:30-21:00
STOCKS,Exxon Mobil Corp.,2,100.0,10.0,20.0,100.0,0.01,0.01,EXXONMOBIL,STOCKS US,1 USD per 0.01,ExxonMobil,US,equity,-6.7,-6.7,14:30-21:00
STOCKS,Meta Platforms Inc. (fmr Facebook),2,100.0,10.0,20.0,100.0,0.01,0.01,FACEBOOK,STOCKS US,1 USD per 0.01,Facebook,US,equity,-47.02,-47.02,14:30-21:00
STOCKS,FuelCell Energy Inc.,2,100.0,10.0,20.0,100.0,0.01,0.01,FCEL,STOCKS US,1 USD per 0.01,FCEL,US,equity,-0.25,-0.25,14:30-21:00
STOCKS,FedEx Corp.,2,100.0,10.0,20.0,100.0,0.01,0.01,FDX,STOCKS US,1 USD per 0.01,FDX,US,equity,-13.75,-13.75,14:30-21:00
STOCKS,F.N.B. Corporation,2,100.0,10.0,20.0,100.0,0.01,0.01,FNB,STOCKS US,1 USD per 0.01,FNB,US,equity,-1.01,-1.01,14:30-21:00
STOCKS,Ford Motor Co.,2,100.0,10.0,20.0,100.0,0.01,0.01,FORD,STOCKS US,1 USD per 0.01,FORD,US,equity,-0.72,-0.72,14:30-21:00
STOCKS,First Solar Inc.,2,100.0,10.0,20.0,100.0,0.01,0.01,FSOLAR,STOCKS US,1 USD per 0.01,FSOLAR,US,equity,-12.4,-12.4,14:30-21:00
STOCKS,General Electric Company,2,100.0,10.0,20.0,100.0,0.01,0.01,GE,STOCKS US,1 USD per 0.01,GE,US,equity,-17.26,-17.26,14:30-21:00
STOCKS,General Motors Company,2,100.0,10.0,20.0,100.0,0.01,0.01,GM,STOCKS US,1 USD per 0.01,GM,US,equity,-3.55,-3.55,14:30-21:00
STOCKS,GameStop Corp.,2,100.0,10.0,20.0,100.0,0.01,0.01,GME,STOCKS US,1 USD per 0.01,GME,US,equity,-1.41,-1.41,14:30-21:00
STOCKS,Goldman Sachs,2,100.0,10.0,20.0,100.0,0.01,0.01,GOLDMNSACHS,STOCKS US,1 USD per 0.01,GoldmnSachs,US,equity,-45.37,-45.37,14:30-21:00
STOCKS,Alphabet Inc. Class A,2,100.0,10.0,20.0,100.0,0.01,0.01,GOOGLE,STOCKS US,1 USD per 0.01,GOOGLE,US,equity,-14.63,-14.63,14:30-21:00
STOCKS,Hilton Hotels Corporation,2,100.0,10.0,20.0,100.0,0.01,0.01,HILTON,STOCKS US,1 USD per 0.01,HILTON,US,equity,-16.83,-16.83,14:30-21:00
STOCKS,Robinhood Markets Inc.,2,100.0,10.0,20.0,100.0,0.01,0.01,HOOD,STOCKS US,1 USD per 0.01,HOOD,US,equity,-7.12,-7.12,14:30-21:00
STOCKS,Hewlett Packard Inc,2,100.0,10.0,20.0,100.0,0.01,0.01,HPQ,STOCKS US,1 USD per 0.01,HPQ,US,equity,-1.79,-1.79,14:30-21:00
STOCKS,IBM,2,100.0,10.0,20.0,100.0,0.01,0.01,IBM,STOCKS US,1 USD per 0.01,IBM,US,equity,-15.48,-15.48,14:30-21:00
STOCKS,Inovio Pharmaceuticals Inc.,2,100.0,10.0,20.0,100.0,0.01,0.01,INO,STOCKS US,1 USD per 0.01,INO,US,equity,-0.18,-0.18,14:30-21:00
STOCKS,Intel Corporation,2,100.0,10.0,20.0,100.0,0.01,0.01,INTEL,STOCKS US,1 USD per 0.01,INTEL,US,equity,-1.51,-1.51,14:30-21:00
STOCKS,Jumia Technologies AG ADR,2,100.0,10.0,20.0,100.0,0.01,0.01,JMIA,STOCKS US,1 USD per 0.01,JMIA,US,equity,-0.55,-0.55,14:30-21:00
STOCKS,Johnson & Johnson,2,100.0,10.0,20.0,100.0,0.01,0.01,JNJ,STOCKS US,1 USD per 0.01,JNJ,US,equity,-10.97,-10.97,14:30-21:00
STOCKS,JPMorgan Chase & Co.,2,100.0,10.0,20.0,100.0,0.01,0.01,JPMORGAN,STOCKS US,1 USD per 0.01,JPMorgan,US,equity,-18.05,-18.05,14:30-21:00
STOCKS,Kimberly Clark Corp.,2,100.0,10.0,20.0,100.0,0.01,0.01,KMB,STOCKS US,1 USD per 0.01,KMB,US,equity,-7.91,-7.91,14:30-21:00
STOCKS,Lucid Group Inc.,2,100.0,10.0,20.0,100.0,0.01,0.01,LCID,STOCKS US,1 USD per 0.01,LCID,US,equity,-1.14,-1.14,14:30-21:00
STOCKS,Lockheed Martin Corp.,2,100.0,10.0,20.0,100.0,0.01,0.01,LMT,STOCKS US,1 USD per 0.01,LMT,US,equity,-28.07,-28.07,14:30-21:00
STOCKS,Mastercard Inc.,2,100.0,10.0,20.0,100.0,0.01,0.01,MASTERCARD,STOCKS US,1 USD per 0.01,Mastercard,US,equity,-36.02,-36.02,14:30-21:00
STOCKS,McDonald's Corp.,2,100.0,10.0,20.0,100.0,0.01,0.01,MCDONALDS,STOCKS US,1 USD per 0.01,McDonalds,US,equity,-19.17,-19.17,14:30-21:00
STOCKS,Microsoft Corporation,2,100.0,10.0,20.0,100.0,0.01,0.01,MICROSOFT,STOCKS US,1 USD per 0.01,MICROSOFT,US,equity,-30.78,-30.78,14:30-21:00
STOCKS,3M Company,2,100.0,10.0,20.0,100.0,0.01,0.01,MMM,STOCKS US,1 USD per 0.01,MMM,US,equity,-9.41,-9.41,14:30-21:00
STOCKS,Morgan Stanley,2,100.0,10.0,20.0,100.0,0.01,0.01,MORGANSTAN,STOCKS US,1 USD per 0.01,MorganStan,US,equity,-9.12,-9.12,14:30-21:00
STOCKS,Motorola Solutions Inc.,2,100.0,10.0,20.0,100.0,0.01,0.01,MOTOROLA,STOCKS US,1 USD per 0.01,MOTOROLA,US,equity,-29.38,-29.38,14:30-21:00
STOCKS,Moderna Inc.,2,100.0,10.0,20.0,100.0,0.01,0.01,MRNA,STOCKS US,1 USD per 0.01,MRNA,US,equity,-1.48,-1.48,14:30-21:00
STOCKS,Netflix Inc.,2,100.0,10.0,20.0,100.0,0.01,0.01,NETFLIX,STOCKS US,1 USD per 0.01,NETFLIX,US,equity,-76.91,-76.91,14:30-21:00
STOCKS,NIKE Inc.,2,100.0,10.0,20.0,100.0,0.01,0.01,NIKE,STOCKS US,1 USD per 0.01,NIKE,US,equity,-4.57,-4.57,14:30-21:00 -- 3 of 7 --
STOCKS,NIO Inc.,2,100.0,10.0,20.0,100.0,0.01,0.01,NIO,STOCKS US,1 USD per 0.01,NIO,US,equity,-0.38,-0.38,14:30-21:00
STOCKS,Novavax Inc.,2,100.0,10.0,20.0,100.0,0.01,0.01,NVAX,STOCKS US,1 USD per 0.01,NVAX,US,equity,-0.48,-0.48,14:30-21:00
STOCKS,NVIDIA Corporation,2,100.0,10.0,20.0,100.0,0.01,0.01,NVIDIA,STOCKS US,1 USD per 0.01,NVIDIA,US,equity,-10.5,-10.5,14:30-21:00
STOCKS,Novo Nordisk A/S,2,100.0,10.0,20.0,100.0,0.01,0.01,NVO,STOCKS US,1 USD per 0.01,NVO,US,equity,-3.34,-3.34,14:30-21:00
STOCKS,Oracle Corporation,2,100.0,10.0,20.0,100.0,0.01,0.01,ORACLE,STOCKS US,1 USD per 0.01,ORACLE,US,equity,-14.71,-14.71,14:30-21:00
STOCKS,PayPal Holdings Inc.,2,100.0,10.0,20.0,100.0,0.01,0.01,PAYPAL,STOCKS US,1 USD per 0.01,PAYPAL,US,equity,-4.21,-4.21,14:30-21:00
STOCKS,PepsiCo Inc.,2,100.0,10.0,20.0,100.0,0.01,0.01,PEPSICO,STOCKS US,1 USD per 0.01,PepsiCo,US,equity,-8.81,-8.81,14:30-21:00
STOCKS,Petroleo Brasileiro SA Petrobras,2,100.0,10.0,20.0,100.0,0.01,0.01,PETRO,STOCKS US,1 USD per 0.01,Petro,US,equity,-0.75,-0.75,14:30-21:00
STOCKS,Pfizer Inc.,2,100.0,10.0,20.0,100.0,0.01,0.01,PFIZER,STOCKS US,1 USD per 0.01,PFIZER,US,equity,-1.51,-1.51,14:30-21:00
STOCKS,Palantir Technologies Inc.,2,101.0,10.0,20.0,100.0,0.01,0.01,PLTR,STOCKS US,2 USD per 0.01,PLTR,US,equity,-9.73,-9.73,14:30-21:00
STOCKS,Plug Power Inc.,2,100.0,10.0,20.0,100.0,0.01,0.01,PLUG,STOCKS US,1 USD per 0.01,PLUG,US,equity,-0.09,-0.09,14:30-21:00
STOCKS,Qualcomm Inc.,2,100.0,10.0,20.0,100.0,0.01,0.01,QUALCOMM,STOCKS US,1 USD per 0.01,QUALCOMM,US,equity,-10.52,-10.52,14:30-21:00
STOCKS,Quantum Computing Inc.,2,100.0,10.0,20.0,100.0,0.01,0.01,QUBT,STOCKS US,1 USD per 0.01,QUBT,US,equity,-1.25,-1.25,14:30-21:00
STOCKS,Reddit Inc.,2,100.0,10.0,20.0,100.0,0.01,0.01,REDDIT,STOCKS US,1 USD per 0.01,REDDIT,US,equity,-14.92,-14.92,14:30-21:00
STOCKS,Southern Copper Corporation,2,100.0,10.0,20.0,100.0,0.01,0.01,SCCO,STOCKS US,1 USD per 0.01,SCCO,US,equity,-6.3,-6.3,14:30-21:00
STOCKS,Shopify Inc.,2,100.0,10.0,20.0,100.0,0.01,0.01,SHOPIFY,STOCKS US,1 USD per 0.01,SHOPIFY,US,equity,-8.94,-8.94,14:30-21:00
STOCKS,Snap Inc.,2,100.0,10.0,20.0,100.0,0.01,0.01,SNAPCHAT,STOCKS US,1 USD per 0.01,SNAPCHAT,US,equity,-0.45,-0.45,14:30-21:00
STOCKS,Sony Group Corporation,2,100.0,10.0,20.0,100.0,0.01,0.01,SONY,STOCKS US,1 USD per 0.01,SONY,US,equity,-1.72,-1.72,14:30-21:00
STOCKS,Spotify Technology SA,2,100.0,10.0,20.0,100.0,0.01,0.01,SPOT,STOCKS US,1 USD per 0.01,SPOT,US,equity,-43.77,-43.77,14:30-21:00
STOCKS,Sociedad Quimica y Minera de Chile SA,2,100.0,10.0,20.0,100.0,0.01,0.01,SQM,STOCKS US,1 USD per 0.01,SQM,US,equity,-2.82,-2.82,14:30-21:00
STOCKS,Starbucks Corporation,2,100.0,10.0,20.0,100.0,0.01,0.01,STARBUCKS,STOCKS US,1 USD per 0.01,STARBUCKS,US,equity,-5.18,-5.18,14:30-21:00
STOCKS,Teva Pharmaceutical Industries Limited,2,100.0,10.0,20.0,100.0,0.01,0.01,TEVA,STOCKS US,1 USD per 0.01,TEVA,US,equity,-1.17,-1.17,14:30-21:00
STOCKS,Millicom International Cellular SA,2,100.0,10.0,20.0,100.0,0.01,0.01,TIGO,STOCKS US,1 USD per 0.01,TIGO,US,equity,-2.91,-2.91,14:30-21:00
STOCKS,Tilray Inc.,2,100.0,10.0,20.0,100.0,0.01,0.01,TLRY,STOCKS US,1 USD per 0.01,TLRY,US,equity,-0.07,-0.07,14:30-21:00
STOCKS,Toyota Motor Corporation ADR,2,100.0,10.0,20.0,100.0,0.01,0.01,TOYOTA,STOCKS US,1 USD per 0.01,TOYOTA,US,equity,-12.37,-12.37,14:30-21:00
STOCKS,Tesla Inc.,2,100.0,10.0,20.0,100.0,0.01,0.01,TSLA,STOCKS US,1 USD per 0.01,TSLA,US,equity,-21.75,-21.75,14:30-21:00
STOCKS,Taiwan Semiconductor Manufacuring Company Ltd.,2,100.0,10.0,20.0,100.0,0.01,0.01,TSM,STOCKS US,1 USD per 0.01,TSM,US,equity,-17.2,-17.2,14:30-21:00
STOCKS,Uber Technologies Inc.,2,100.0,10.0,20.0,100.0,0.01,0.01,UBER,STOCKS US,1 USD per 0.01,UBER,US,equity,-5.71,-5.71,14:30-21:00
STOCKS,Verizon Communications Inc.,2,100.0,10.0,20.0,100.0,0.01,0.01,VERIZON,STOCKS US,1 USD per 0.01,VERIZON,US,equity,-2.67,-2.67,14:30-21:00
STOCKS,Visa Inc.,2,100.0,10.0,20.0,100.0,0.01,0.01,VISA,STOCKS US,1 USD per 0.01,VISA,US,equity,-21.14,-21.14,14:30-21:00
STOCKS,Walmart Inc.,2,100.0,10.0,20.0,100.0,0.01,0.01,WALMART,STOCKS US,1 USD per 0.01,WALMART,US,equity,-6.25,-6.25,14:30-21:00
STOCKS,Western Digital Corp.,2,100.0,10.0,20.0,100.0,0.01,0.01,WDC,STOCKS US,1 USD per 0.01,WDC,US,equity,-5.67,-5.67,14:30-21:00
STOCKS,Wells Fargo & Co.,2,100.0,10.0,20.0,100.0,0.01,0.01,WELLSFARGO,STOCKS US,1 USD per 0.01,WellsFargo,US,equity,-4.88,-4.88,14:30-21:00
STOCKS,Zoom Video Communications Inc.,2,100.0,10.0,20.0,100.0,0.01,0.01,ZOOM,STOCKS US,1 USD per 0.01,ZOOM,US,equity,-5.2,-5.2,14:30-21:00
ETFS,SPDR Dow Jones Industrial Average ETF Trust,2,100.0,10.0,20.0,100.0,0.01,0.01,DIA,ETFS,1 USD per 0.01,DIA,US,etf,-73.38,-73.38,14:30-21:00
ETFS,Global X Autonomous & Electric Vehicles ETF,2,100.0,10.0,20.0,100.0,0.01,0.01,DRIV,ETFS,1 USD per 0.01,DRIV,US,etf,-4.23,-4.23,14:30-21:00
ETFS,SPDR EURO STOXX 50 ETF,2,100.0,10.0,20.0,100.0,0.01,0.01,FEZ,ETFS,1 USD per 0.01,FEZ,US,etf,-9.69,-9.69,14:30-21:00
ETFS,VanEck Vectors Gold Miners ETF,2,100.0,10.0,20.0,100.0,0.01,0.01,GDX,ETFS,1 USD per 0.01,GDX,US,etf,-10.81,-10.81,14:30-21:00
ETFS,SPDR Gold Shares,2,100.0,10.0,20.0,100.0,0.01,0.01,GLD,ETFS,1 USD per 0.01,GLD,US,etf,-54.06,-54.06,14:30-21:00
ETFS,iShares Bitcoin Trust ETF,2,100.0,10.0,20.0,100.0,0.01,0.01,IBIT,ETFS,1 USD per 0.01,IBIT,US,etf,-10.4,-10.4,14:30-21:00
ETFS,iShares Latin America 40 ETF,2,100.0,10.0,20.0,100.0,0.01,0.01,ILF,ETFS,1 USD per 0.01,ILF,US,etf,-4.41,-4.41,14:30-21:00
ETFS,Invesco QQQ TRUST,2,100.0,10.0,20.0,100.0,0.01,0.01,QQQ,ETFS,1 USD per 0.01,QQQ,US,etf,-93.72,-93.72,14:30-21:00
ETFS,SPDR S&P 500 ETF Trust,2,100.0,10.0,20.0,100.0,0.01,0.01,SPY,ETFS,1 USD per 0.01,SPY,US,etf,-104.78,-104.78,14:30-21:00
ETFS,ProShares UltraPro Short QQQ ETF,2,100.0,10.0,20.0,100.0,0.01,0.01,SQQQ,ETFS,1 USD per 0.01,SQQQ,US,etf,-2.77,-2.77,14:30-21:00
ETFS,ProShares Short VIX Short-Term Futures ETF,2,100.0,10.0,20.0,100.0,0.01,0.01,SVXY,ETFS,1 USD per 0.01,SVXY,US,etf,-8.01,-8.01,14:30-21:00
ETFS,ProShares UltraPro QQQ ETF CFD,2,100.0,10.0,20.0,100.0,0.01,0.01,TQQQ,ETFS,1 USD per 0.01,TQQQ,US,etf,-15.13,-15.13,14:30-21:00
ETFS,U.S. Oil Fund,2,100.0,10.0,20.0,100.0,0.01,0.01,USO,ETFS,1 USD per 0.01,USO,US,etf,-11.76,-11.76,14:30-21:00
ETFS,ProShares VIX Short-Term Futures ETF,2,100.0,10.0,20.0,100.0,0.01,0.01,VIXY,ETFS,1 USD per 0.01,VIXY,US,etf,-5.53,-5.53,14:30-21:00
ETFS,Energy Select Sector SPDR Fund,2,100.0,10.0,20.0,100.0,0.01,0.01,XLE,ETFS,1 USD per 0.01,XLE,US,etf,-13.99,-13.99,14:30-21:00
ETFS,Financial Select Sector SPDR Fund,2,100.0,10.0,20.0,100.0,0.01,0.01,XLF,ETFS,1 USD per 0.01,XLF,US,etf,-8.55,-8.55,14:30-21:00
ETFS,Technology Select Sector SPDR Fund,2,100.0,10.0,20.0,100.0,0.01,0.01,XLK,ETFS,1 USD per 0.01,XLK,US,etf,-42.87,-42.87,14:30-21:00
ETFS,Consumer Staples Select Sector SPDR Fund,2,100.0,10.0,20.0,100.0,0.01,0.01,XLP,ETFS,1 USD per 0.01,XLP,US,etf,-12.98,-12.98,14:30-21:00
ETFS,Health Care Select Sector SPDR Fund,2,100.0,10.0,20.0,100.0,0.01,0.01,XLV,ETFS,1 USD per 0.01,XLV,US,etf,-22.11,-22.11,14:30-21:00 -- 4 of 7 --
STOCKS,ABB Ltd,3,100.0,10.0,20.0,100.0,0.001,0.01,ABBN,STOCKS EU,0.1 CHF per 0.001,ABBN,EU,equity,-33.39,-30.05,08:00-16:20
STOCKS,Holcim Ltd,3,100.0,10.0,20.0,100.0,0.001,0.01,HOLN,STOCKS EU,0.1 CHF per 0.001,HOLN,EU,equity,-40.41,-53.63,08:00-16:20
STOCKS,Lonza Group AG,2,100.0,10.0,20.0,100.0,0.01,0.01,LONN,STOCKS EU,1 CHF per 0.01,LONN,EU,equity,-34.12,-32.69,08:00-16:20
STOCKS,Nestle SA,3,100.0,10.0,20.0,100.0,0.001,0.01,NESTLE,STOCKS EU,0.1 CHF per 0.001,NESTLE,EU,equity,-44.8,-45.77,08:00-16:20
STOCKS,Roche Holding AG,3,100.0,10.0,20.0,100.0,0.001,0.01,ROCHE,STOCKS EU,0.1 CHF per 0.001,ROCHE,EU,equity,-160.99,-156.35,08:00-16:20
STOCKS,Swisscom AG,3,100.0,10.0,20.0,100.0,0.001,0.01,SCMN,STOCKS EU,0.1 CHF per 0.001,SCMN,EU,equity,-349.2,-309.59,08:00-16:20
STOCKS,The Swatch Group AG,3,100.0,10.0,20.0,100.0,0.001,0.01,SWATCH,STOCKS EU,0.1 CHF per 0.001,SWATCH,EU,equity,-88.2,-101.49,08:00-16:20
STOCKS,Swissquote Group Holding Ltd,2,100.0,10.0,20.0,100.0,0.01,0.01,SWISSQUOTE,STOCKS EU,1 CHF per 0.01,SWISSQUOTE,EU,equity,-31.41,-21.3,08:00-16:20
STOCKS,Zurich Insurance Group AG,2,100.0,10.0,20.0,100.0,0.01,0.01,ZURN,STOCKS EU,1 CHF per 0.01,ZURN,EU,equity,-34.29,-33.03,08:00-16:20
STOCKS,Adidas AG,2,100.0,10.0,20.0,100.0,0.01,0.01,ADIDAS,STOCKS EU,1 EUR per 0.01,ADIDAS,EU,equity,-11.99,-16.19,08:00-16:30
STOCKS,Allianz SE,2,100.0,10.0,20.0,100.0,0.01,0.01,ALLI,STOCKS EU,1 EUR per 0.01,ALLI,EU,equity,-23.18,-20.28,08:00-16:30
STOCKS,Bayerische Motoren Werke AG,3,100.0,10.0,20.0,100.0,0.001,0.01,BMW,STOCKS EU,0.1 EUR per 0.001,BMW,EU,equity,-57.7,-54.03,08:00-16:30
STOCKS,Commerzbank AG,3,100.0,10.0,20.0,100.0,0.001,0.01,COMMERZBANK,STOCKS EU,0.1 EUR per 0.001,Commerzbank,EU,equity,-22.15,-10.76,08:00-16:30
STOCKS,Deutsche Bank AG,2,100.0,10.0,20.0,100.0,0.01,0.01,DBFRA,STOCKS EU,1 EUR per 0.01,DBFRA,EU,equity,-1.98,-1.08,08:00-16:30
STOCKS,Porsche Automobil Holding SE,2,100.0,10.0,20.0,100.0,0.01,0.01,PORSCHE,STOCKS EU,1 EUR per 0.01,PORSCHE,EU,equity,-2.38,-2.51,08:00-16:30
STOCKS,Porsche AG Preference Shares,2,100.0,10.0,20.0,100.0,0.01,0.01,PORSCHE911,STOCKS EU,1 EUR per 0.01,PORSCHE911,EU,equity,-2.86,-4.01,08:00-16:30
STOCKS,Rheinmetall AG,3,100.0,10.0,20.0,100.0,0.001,0.01,RHM,STOCKS EU,0.1 EUR per 0.001,RHM,EU,equity,-1170.55,-423.04,08:00-16:30
STOCKS,Siemens AG,3,100.0,10.0,20.0,100.0,0.001,0.01,SIEMENS,STOCKS EU,0.1 EUR per 0.001,SIEMENS,EU,equity,-151.55,-129.64,08:00-16:30
STOCKS,Volkswagen AG,2,100.0,10.0,20.0,100.0,0.01,0.01,VOWGEN,STOCKS EU,1 EUR per 0.01,VOWGEN,EU,equity,-6.78,-6.3,08:00-16:30
STOCKS,Banco Bilbao Vizcaya Argentaria SA,3,100.0,10.0,20.0,100.0,0.001,0.01,BBVA,STOCKS EU,0.1 EUR per 0.001,BBVA,EU,equity,-10.37,-6.47,08:00-16:30
STOCKS,Banco Santander SA,3,100.0,10.0,20.0,100.0,0.001,0.01,BSANMD,STOCKS EU,0.1 EUR per 0.001,BSANMD,EU,equity,-5.43,-3.14,08:00-16:30
STOCKS,Industria de Diseno Textil SA,3,100.0,10.0,20.0,100.0,0.001,0.01,INTEX,STOCKS EU,0.1 EUR per 0.001,INTEX,EU,equity,-28.07,-34.29,08:00-16:30
STOCKS,Repsol SA,3,100.0,10.0,20.0,100.0,0.001,0.01,REPSOL,STOCKS EU,0.1 EUR per 0.001,REPSOL,EU,equity,-9.44,-8.03,08:00-16:30
STOCKS,Telefonica SA,3,100.0,10.0,20.0,100.0,0.001,0.01,TELEFONICA,STOCKS EU,0.1 EUR per 0.001,TELEFONICA,EU,equity,-2.99,-2.71,08:00-16:30
STOCKS,Enel SpA,4,100.0,10.0,20.0,100.0,0.0001,0.01,ENEL,STOCKS EU,0.01 EUR per 0.0001,ENEL,EU,equity,-51.54,-47.28,08:00-16:30
STOCKS,Eni SpA,4,100.0,10.0,20.0,100.0,0.0001,0.01,ENI,STOCKS EU,0.01 EUR per 0.0001,ENI,EU,equity,-96.55,-89.7,08:00-16:30
STOCKS,Juventus Football Club SpA,4,100.0,10.0,20.0,100.0,0.0001,0.01,JUVE,STOCKS EU,0.01 EUR per 0.0001,JUVE,EU,equity,-19.38,-20.73,08:00-16:30
STOCKS,Poste Italiane SpA,3,100.0,10.0,20.0,100.0,0.001,0.01,POSTE-MIL,STOCKS EU,0.1 EUR per 0.001,POSTE-MIL,EU,equity,-12.98,-9.35,08:00-16:30
STOCKS,UniCredit SpA,4,100.0,10.0,20.0,100.0,0.0001,0.01,UNISPA,STOCKS EU,0.01 EUR per 0.0001,UNISPA,EU,equity,-431.65,-264.26,08:00-16:30
STOCKS,Pharming Group NV,3,100.0,10.0,20.0,100.0,0.001,0.01,PHAR,STOCKS EU,0.1 EUR per 0.001,PHAR,EU,equity,-0.83,-0.64,08:00-16:30
STOCKS,Antofagasta PLC,4,100.0,10.0,20.0,100.0,0.0001,0.01,ANTO,STOCKS UK,0.01 GBP per 0.0001,ANTO,UK,equity,-8575.44,-8575.44,08:00-16:30
STOCKS,Aviva PLC,4,100.0,10.0,20.0,100.0,0.0001,0.01,AVIVA,STOCKS UK,0.01 GBP per 0.0001,AVIVA,UK,equity,-2623.97,-2623.97,08:00-16:30
STOCKS,Barclays PLC,4,100.0,10.0,20.0,100.0,0.0001,0.01,BARC,STOCKS UK,0.01 GBP per 0.0001,BARC,UK,equity,-1459.59,-1459.59,08:00-16:30
STOCKS,International Consolidated Airlines Group SA,4,100.0,10.0,20.0,100.0,0.0001,0.01,BAY,STOCKS UK,0.01 GBP per 0.0001,BAY,UK,equity,-1562.67,-1562.67,08:00-16:30
STOCKS,BP PLC,4,100.0,10.0,20.0,100.0,0.0001,0.01,BP,STOCKS UK,0.01 GBP per 0.0001,BP,UK,equity,-1663.39,-1663.39,08:00-16:30
STOCKS,BT Group PLC,4,100.0,10.0,20.0,100.0,0.0001,0.01,BTGROUP,STOCKS UK,0.01 GBP per 0.0001,BTGROUP,UK,equity,-814.63,-814.63,08:00-16:30
STOCKS,Centrica PLC,4,100.0,10.0,20.0,100.0,0.0001,0.01,CNA,STOCKS UK,0.01 GBP per 0.0001,CNA,UK,equity,-617.89,-617.89,08:00-16:30
STOCKS,HSBC Holdings PLC,4,100.0,10.0,20.0,100.0,0.0001,0.01,HSBC,STOCKS UK,0.01 GBP per 0.0001,HSBC,UK,equity,-3866.17,-3866.17,08:00-16:30
STOCKS,Legal & General Group PLC,4,100.0,10.0,20.0,100.0,0.0001,0.01,LGEN,STOCKS UK,0.01 GBP per 0.0001,LGEN,UK,equity,-933.36,-933.36,08:00-16:30
STOCKS,Lloyds Banking Group PLC,4,100.0,10.0,20.0,100.0,0.0001,0.01,LLOY,STOCKS UK,0.01 GBP per 0.0001,LLOY,UK,equity,-320.72,-320.72,08:00-16:30
STOCKS,Rolls-Royce Holdings PLC,4,100.0,10.0,20.0,100.0,0.0001,0.01,RR,STOCKS UK,0.01 GBP per 0.0001,RR,UK,equity,-4371.95,-4371.95,08:00-16:30
STOCKS,Tesco PLC,4,100.0,10.0,20.0,100.0,0.0001,0.01,TESCO,STOCKS UK,0.01 GBP per 0.0001,TESCO,UK,equity,-1758.37,-1758.37,08:00-16:30
STOCKS,Vodafone Group PLC,4,100.0,10.0,20.0,100.0,0.0001,0.01,VOD,STOCKS UK,0.01 GBP per 0.0001,VOD,UK,equity,-349.52,-349.52,08:00-16:30 -- 5 of 7 --
STOCKS,Abu Dhabi Aviation,2,100.0,10.0,20.0,100.0,0.01,0.01,ADAVIATION,STOCKS MIDEAST,1 AED per 0.01,ADAVIATION,MIDEAST,equity,-0.63,-0.62,- 06:00-10:45 06:00-10:45
STOCKS,Abu Dhabi Commercial Bank PJSC,2,100.0,10.0,20.0,100.0,0.01,0.01,ADCB,STOCKS MIDEAST,1 AED per 0.01,ADCB,MIDEAST,equity,-1.54,-1.13,- 06:00-10:45 06:00-10:45
STOCKS,Abu Dhabi Islamic Bank PJSC,2,100.0,10.0,20.0,100.0,0.01,0.01,ADIB,STOCKS MIDEAST,1 AED per 0.01,ADIB,MIDEAST,equity,-2.42,-1.51,- 06:00-10:45 06:00-10:45
STOCKS,Abu Dhabi National Oil Co. for Distribution PJSC,2,100.0,10.0,20.0,100.0,0.01,0.01,ADNOCDIST,STOCKS MIDEAST,1 AED per 0.01,ADNOCDIST,MIDEAST,equity,-0.41,-0.4,- 06:00-10:45 06:00-10:45
STOCKS,Abu Dhabi Ports Company PJSC,2,100.0,10.0,20.0,100.0,0.01,0.01,ADPORTS,STOCKS MIDEAST,1 AED per 0.01,ADPORTS,MIDEAST,equity,-0.45,-0.56,- 06:00-10:45 06:00-10:45
STOCKS,Al Ansari Financial Services PJSC,2,100.0,10.0,20.0,100.0,0.01,0.01,ALANSARI,STOCKS MIDEAST,1 AED per 0.01,ALANSARI,MIDEAST,equity,-0.11,-0.12,- 06:00-10:45 06:00-10:45
STOCKS,Aramex PJSC,2,100.0,10.0,20.0,100.0,0.01,0.01,ARMX,STOCKS MIDEAST,1 AED per 0.01,ARMX,MIDEAST,equity,-0.31,-0.25,- 06:00-10:45 06:00-10:45
STOCKS,Bank Of Sharjah,2,100.0,10.0,20.0,100.0,0.01,0.01,BOS,STOCKS MIDEAST,1 AED per 0.01,BOS,MIDEAST,equity,-0.16,-0.11,- 06:00-10:45 06:00-10:45
STOCKS,Dubai Islamic Bank PJSC,2,100.0,10.0,20.0,100.0,0.01,0.01,DIB,STOCKS MIDEAST,1 AED per 0.01,DIB,MIDEAST,equity,-1.06,-0.79,- 06:00-10:45 06:00-10:45
STOCKS,Dubai Taxi Company PJSC,2,100.0,10.0,20.0,100.0,0.01,0.01,DTC,STOCKS MIDEAST,1 AED per 0.01,DTC,MIDEAST,equity,-0.3,-0.31,- 06:00-10:45 06:00-10:45
STOCKS,Emaar Properties PJSC,2,100.0,10.0,20.0,100.0,0.01,0.01,EMAAR,STOCKS MIDEAST,1 AED per 0.01,EMAAR,MIDEAST,equity,-1.59,-1.44,- 06:00-10:45 06:00-10:45
STOCKS,Emirates NBD Bank PJSC,2,100.0,10.0,20.0,100.0,0.01,0.01,EMIRATESNBD,STOCKS MIDEAST,1 AED per 0.01,EMIRATESNBD,MIDEAST,equity,-2.75,-2.37,- 06:00-10:45 06:00-10:45
STOCKS,Emirates Telecommunications Group Company PJSC,2,100.0,10.0,20.0,100.0,0.01,0.01,ETISALAT,STOCKS MIDEAST,1 AED per 0.01,ETISALAT,MIDEAST,equity,-1.99,-1.81,- 06:00-10:45 06:00-10:45
STOCKS,First Abu Dhabi Bank PJSC,2,100.0,10.0,20.0,100.0,0.01,0.01,FAB.AD,STOCKS MIDEAST,1 AED per 0.01,FAB.AD,MIDEAST,equity,-1.82,-1.54,- 06:00-10:45 06:00-10:45
STOCKS,Lulu Retail Holdings PLC,2,100.0,10.0,20.0,100.0,0.01,0.01,LULU,STOCKS MIDEAST,1 AED per 0.01,LULU,MIDEAST,equity,-0.14,-0.22,- 06:00-10:45 06:00-10:45
STOCKS,Parkin Company PJSC,2,100.0,10.0,20.0,100.0,0.01,0.01,PARKIN,STOCKS MIDEAST,1 AED per 0.01,PARKIN,MIDEAST,equity,-0.66,-0.55,- 06:00-10:45 06:00-10:45
STOCKS,Phoenix Group PLC,2,100.0,10.0,20.0,100.0,0.01,0.01,PHX,STOCKS MIDEAST,1 AED per 0.01,PHX,MIDEAST,equity,-0.17,-0.14,- 06:00-10:45 06:00-10:45
STOCKS,Salik Company PJSC,2,100.0,10.0,20.0,100.0,0.01,0.01,SALIK,STOCKS MIDEAST,1 AED per 0.01,SALIK,MIDEAST,equity,-0.71,-0.61,- 06:00-10:45 06:00-10:45
STOCKS,Sharjah Islamic Bank PJSC,2,100.0,10.0,20.0,100.0,0.01,0.01,SIB,STOCKS MIDEAST,1 AED per 0.01,SIB,MIDEAST,equity,-0.33,-0.28,- 06:00-10:45 06:00-10:45
STOCKS,Talabat Holding PLC,2,100.0,10.0,20.0,100.0,0.01,0.01,TALABAT,STOCKS MIDEAST,1 AED per 0.01,TALABAT,MIDEAST,equity,-0.14,-0.16,- 06:00-10:45 06:00-10:45
STOCKS,Boubyan Bank,2,100.0,10.0,20.0,100.0,0.01,0.01,BOUBYAN,STOCKS MIDEAST,1 KWF per 0.01,BOUBYAN,MIDEAST,equity,-18.3,-14.54,06:00-09:30 06:00-09:30 -
STOCKS,Ahli Bank QPSC,3,100.0,10.0,20.0,100.0,0.001,0.01,ABQK,STOCKS MIDEAST,0.10 QAR per 0.001,ABQK,MIDEAST,equity,-14.97,-14.23,06:30-10:15 06:30-10:15 -
STOCKS,Barwa Real Estate Company QPSC,3,100.0,10.0,20.0,100.0,0.001,0.01,BARWA,STOCKS MIDEAST,0.10 QAR per 0.001,BARWA,MIDEAST,equity,-11.36,-11.66,06:30-10:15 06:30-10:15 -
STOCKS,Doha Bank QPSC,3,100.0,10.0,20.0,100.0,0.001,0.01,DHBK,STOCKS MIDEAST,0.10 QAR per 0.001,DHBK,MIDEAST,equity,-10.25,-8.0,06:30-10:15 06:30-10:15 -
STOCKS,Masraf Al Rayan QPSC,3,100.0,10.0,20.0,100.0,0.001,0.01,MASRAF,STOCKS MIDEAST,0.10 QAR per 0.001,MASRAF,MIDEAST,equity,-9.94,-10.1,06:30-10:15 06:30-10:15 -
STOCKS,Mazaya Real Estate Development QPSC,3,100.0,10.0,20.0,100.0,0.001,0.01,MAZAYA,STOCKS MIDEAST,0.10 QAR per 0.001,MAZAYA,MIDEAST,equity,-2.59,-2.42,06:30-10:15 06:30-10:15 -
STOCKS,Qatar Aluminium Manufacturing Company QPSC,3,100.0,10.0,20.0,100.0,0.001,0.01,QAMC,STOCKS MIDEAST,0.10 QAR per 0.001,QAMC,MIDEAST,equity,-5.88,-5.01,06:30-10:15 06:30-10:15 -
STOCKS,Qatar Fuel Company QPSC,2,100.0,10.0,20.0,100.0,0.01,0.01,QFLS,STOCKS MIDEAST,1 QAR per 0.01,QFLS,MIDEAST,equity,-6.21,-5.98,06:30-10:15 06:30-10:15 -
STOCKS,Qatar National Cement Company QPSC,3,100.0,10.0,20.0,100.0,0.001,0.01,QNCD,STOCKS MIDEAST,0.10 QAR per 0.001,QNCD,MIDEAST,equity,-13.79,-16.52,06:30-10:15 06:30-10:15 -
STOCKS,Qatar Navigation QPSC,3,100.0,10.0,20.0,100.0,0.001,0.01,QNNS,STOCKS MIDEAST,0.10 QAR per 0.001,QNNS,MIDEAST,equity,-46.67,-44.75,06:30-10:15 06:30-10:15 -
STOCKS,Vodafone Qatar PQSC,3,100.0,10.0,20.0,100.0,0.001,0.01,VFQS,STOCKS MIDEAST,0.10 QAR per 0.001,VFQS,MIDEAST,equity,-9.91,-7.56,06:30-10:15 06:30-10:15 -
STOCKS,Industries Qatar QPSC,2,100.0,10.0,20.0,100.0,0.01,0.01,IQCD,STOCKS MIDEAST,1 QAR per 0.01,IQCD,MIDEAST,equity,-5.21,-5.44,06:30-10:15 06:30-10:15 -
STOCKS,Qatar Electricity and Water Company QPSC,2,100.0,10.0,20.0,100.0,0.01,0.01,QEWS,STOCKS MIDEAST,1 QAR per 0.01,QEWS,MIDEAST,equity,-6.61,-6.44,06:30-10:15 06:30-10:15 -
STOCKS,Qatar Islamic Bank QPSC,2,100.0,10.0,20.0,100.0,0.01,0.01,QIBK,STOCKS MIDEAST,1 QAR per 0.01,QIBK,MIDEAST,equity,-9.98,-8.69,06:30-10:15 06:30-10:15 -
STOCKS,Qatar National Bank QPSC,2,100.0,10.0,20.0,100.0,0.01,0.01,QNBK,STOCKS MIDEAST,1 QAR per 0.01,QNBK,MIDEAST,equity,-7.78,-7.09,06:30-10:15 06:30-10:15 -
STOCKS,Alinma Bank (1150.SR),3,100.0,10.0,20.0,100.0,0.001,0.01,ALNIMA,STOCKS MIDEAST,0.10 SAR per 0.001,ALNIMA,MIDEAST,equity,-52.62,-27.16,07:05-12:00 07:05-12:00 -
STOCKS,ACWA POWER Company (2082.SR),2,100.0,10.0,20.0,100.0,0.01,0.01,ACWA-POWER,STOCKS MIDEAST,1 SAR per 0.01,ACWA-POWER,MIDEAST,equity,-43.49,-38.04,07:05-12:00 07:05-12:00 -
STOCKS,Arabian Pipes Company (2200.SR),2,100.0,10.0,20.0,100.0,0.01,0.01,APIPES-SAU,STOCKS MIDEAST,1 SAR per 0.01,APIPES-SAU,MIDEAST,equity,-1.15,-11.49,07:05-12:00 07:05-12:00 -
STOCKS,Saudi Arabian Oil Company (2222.SR),2,100.0,10.0,20.0,100.0,0.01,0.01,ARAMCO,STOCKS MIDEAST,1 SAR per 0.01,ARAMCO,MIDEAST,equity,-4.96,-2.63,07:05-12:00 07:05-12:00 -
STOCKS,Bank AlJazira (1020.SR),2,100.0,10.0,20.0,100.0,0.01,0.01,BJAZ,STOCKS MIDEAST,1 SAR per 0.01,BJAZ,MIDEAST,equity,-2.52,-1.74,07:05-12:00 07:05-12:00 -
STOCKS,Methanol Chemicals Company (2001.SR),2,100.0,10.0,20.0,100.0,0.01,0.01,CHEMANOL,STOCKS MIDEAST,1 SAR per 0.01,CHEMANOL,MIDEAST,equity,-2.17,-1.73,07:05-12:00 07:05-12:00 -
STOCKS,Dar Al Arkan Real Estate Development Company (4300.SR),2,100.0,10.0,20.0,100.0,0.01,0.01,DAR-ALR,STOCKS MIDEAST,1 SAR per 0.01,DAR-ALR,MIDEAST,equity,-3.86,-1.42,07:05-12:00 07:05-12:00 -
STOCKS,Etihad Etisalat Company (7020.SR),2,100.0,10.0,20.0,100.0,0.01,0.01,ETIHAD,STOCKS MIDEAST,1 SAR per 0.01,ETIHAD,MIDEAST,equity,-13.17,-4.99,07:05-12:00 07:05-12:00 -
STOCKS,Saudi Kayan Petrochemical Company (2350.SR),2,100.0,10.0,20.0,100.0,0.01,0.01,KAYANPETRO,STOCKS MIDEAST,1 SAR per 0.01,KAYANPETRO,MIDEAST,equity,-1.03,-0.66,07:05-12:00 07:05-12:00 -
STOCKS,Saudi Arabian Mining Company (1211.SR),2,100.0,10.0,20.0,100.0,0.01,0.01,MAADEN,STOCKS MIDEAST,1 SAR per 0.01,MAADEN,MIDEAST,equity,-11.26,-4.75,07:05-12:00 07:05-12:00 -
STOCKS,The Saudi National Bank (1180.SR),2,100.0,10.0,20.0,100.0,0.01,0.01,NCB,STOCKS MIDEAST,1 SAR per 0.01,NCB,MIDEAST,equity,-7.41,-3.15,07:05-12:00 07:05-12:00 -
STOCKS,Al Rajhi Banking and Investment Corporation (1120.SR),2,100.0,10.0,20.0,100.0,0.01,0.01,RAJHI,STOCKS MIDEAST,1 SAR per 0.01,RAJHI,MIDEAST,equity,-19.87,-8.81,07:05-12:00 07:05-12:00 -
STOCKS,Saudi Basic Industries Corporation (2010.SR),2,100.0,10.0,20.0,100.0,0.01,0.01,SAUDI-BASIC,STOCKS MIDEAST,1 SAR per 0.01,SAUDI-BASIC,MIDEAST,equity,-12.59,-6.31,07:05-12:00 07:05-12:00 -
STOCKS,Saudi Public Transport Company (4040.SR),2,100.0,10.0,20.0,100.0,0.01,0.01,SAUDI-PUBLI,STOCKS MIDEAST,1 SAR per 0.01,SAUDI-PUBLI,MIDEAST,equity,-2.84,-1.91,07:05-12:00 07:05-12:00 -
STOCKS,Bank Muscat SAOG,3,100.0,10.0,20.0,100.0,0.001,0.01,BKMB,STOCKS MIDEAST,0.10 OMR per 0.001,BKMB,MIDEAST,equity,-0.35,-0.35,06:00-10:00 06:00-10:00 -
STOCKS,Bank Sohar,3,100.0,10.0,20.0,100.0,0.001,0.01,BKSB,STOCKS MIDEAST,0.10 OMR per 0.001,BKSB,MIDEAST,equity,-0.16,-0.18,06:00-10:00 06:00-10:00 -
STOCKS,National Gas Co SAOG,3,100.0,10.0,20.0,100.0,0.001,0.01,NGCI,STOCKS MIDEAST,0.10 OMR per 0.001,NGCI,MIDEAST,equity,-0.09,-0.1,06:00-10:00 06:00-10:00 - -- 6 of 7 --
STOCKS,Ambev SA,2,100.0,10.0,20.0,100.0,0.01,0.01,ABEV3,STOCKS LATAM,1 BRL per 0.01,ABEV3,LATAM,equity,-4.14,-4.14,13:00-19:55
STOCKS,Embraer SA,2,100.0,10.0,20.0,100.0,0.01,0.01,EMBR3,STOCKS LATAM,1 BRL per 0.01,EMBR3,LATAM,equity,-28.11,-28.11,13:00-19:55
STOCKS,Itau Unibanco Holding SA,2,100.0,10.0,20.0,100.0,0.01,0.01,ITUB4,STOCKS LATAM,1 BRL per 0.01,ITUB4,LATAM,equity,-12.95,-12.95,13:00-19:55
STOCKS,Magazine Luiza SA,2,100.0,10.0,20.0,100.0,0.01,0.01,MGLU3,STOCKS LATAM,1 BRL per 0.01,MGLU3,LATAM,equity,-3.05,-3.05,13:00-19:55
STOCKS,Vale SA,2,100.0,10.0,20.0,100.0,0.01,0.01,VALE3,STOCKS LATAM,1 BRL per 0.01,VALE3,LATAM,equity,-19.22,-19.22,13:00-19:55
STOCKS,Cencosud SA,2,100.0,10.0,20.0,100.0,0.01,0.01,CENCOSUD,STOCKS LATAM,1 CLP per 0.01,CENCOSUD,LATAM,equity,-909.31,-909.31,12:30-19:00
STOCKS,Colbun SA,2,100.0,10.0,20.0,100.0,0.01,0.01,COLBUN,STOCKS LATAM,1 CLP per 0.01,COLBUN,LATAM,equity,-46.64,-46.64,12:30-19:00
STOCKS,Empresas Copec SA,2,100.0,10.0,20.0,100.0,0.01,0.01,COPEC,STOCKS LATAM,1 CLP per 0.01,COPEC,LATAM,equity,-2334.56,-2334.56,12:30-19:00
STOCKS,Latam Airlines Group SA,2,100.0,10.0,20.0,100.0,0.01,0.01,LTM,STOCKS LATAM,1 CLP per 0.01,LTM,LATAM,equity,-7.41,-7.41,12:30-19:00
STOCKS,SMU SA,2,100.0,10.0,20.0,100.0,0.01,0.01,SMU,STOCKS LATAM,1 CLP per 0.01,SMU,LATAM,equity,-52.44,-52.44,12:30-19:00
STOCKS,Compania Sud Americana de Vapores SA,2,100.0,10.0,20.0,100.0,0.01,0.01,VAPORES,STOCKS LATAM,1 CLP per 0.01,VAPORES,LATAM,equity,-16.64,-16.64,12:30-19:00
STOCKS,Grupo Bimbo SAB de CV,2,100.0,10.0,20.0,100.0,0.01,0.01,BIMBOA,STOCKS LATAM,1 MXN per 0.01,BIMBOA,LATAM,equity,-20.12,-20.12,14:30-21:00
STOCKS,CMR SAB de CV,2,100.0,10.0,20.0,100.0,0.01,0.01,CMRB,STOCKS LATAM,1 MXN per 0.01,CMRB,LATAM,equity,-0.54,-0.54,14:30-21:00
STOCKS,Fomento Economico Mexicano SAB de CV,2,100.0,10.0,20.0,100.0,0.01,0.01,FEMSA,STOCKS LATAM,1 MXN per 0.01,FEMSA,LATAM,equity,-51.21,-51.21,14:30-21:00
STOCKS,Grupo Mexico SAB de CV,2,100.0,10.0,20.0,100.0,0.01,0.01,GMEXI,STOCKS LATAM,1 MXN per 0.01,GMEXI,LATAM,equity,-40.77,-40.77,14:30-21:00
STOCKS,Nemak SAB de CV,2,100.0,10.0,20.0,100.0,0.01,0.01,NEMAK,STOCKS LATAM,1 MXN per 0.01,NEMAK,LATAM,equity,-1.35,-1.35,14:30-21:00
STOCKS,Grupo Pochteca SAB de CV,2,100.0,10.0,20.0,100.0,0.01,0.01,POCHTEC,STOCKS LATAM,1 MXN per 0.01,POCHTEC,LATAM,equity,-1.93,-1.93,14:30-21:00
STOCKS,Grupo Traxion SAB de CV,2,100.0,10.0,20.0,100.0,0.01,0.01,TRAXIONA,STOCKS LATAM,1 MXN per 0.01,TRAXIONA,LATAM,equity,-4.81,-4.81,14:30-21:00
STOCKS,Wal-Mart de Mexico SAB de CV,2,100.0,10.0,20.0,100.0,0.01,0.01,WALME,STOCKS LATAM,1 MXN per 0.01,WALME,LATAM,equity,-18.3,-18.3,14:30-21:00
STOCKS,Bajaj Finserv Ltd.,2,100.0,10.0,20.0,100.0,0.01,0.01,BAJAJFINSV,STOCKS ROW,1 INR per 0.01,BAJAJFINSV,ROW,equity,-73.17,-73.17,03:45-10:00
STOCKS,Maruti Suzuki India Limited,2,100.0,10.0,20.0,100.0,0.01,0.01,MARUTI,STOCKS ROW,1 INR per 0.01,MARUTI,ROW,equity,-555.69,-555.69,03:45-10:00
STOCKS,MRF Limited,2,100.0,10.0,20.0,100.0,0.01,0.01,MRF,STOCKS ROW,1 INR per 0.01,MRF,ROW,equity,-5350.98,-5350.98,03:45-10:00
STOCKS,Reliance Industries Limited,2,100.0,10.0,20.0,100.0,0.01,0.01,RELIANCE,STOCKS ROW,1 INR per 0.01,RELIANCE,ROW,equity,-50.23,-50.23,03:45-10:00
STOCKS,Tata Motors Limited,2,100.0,10.0,20.0,100.0,0.01,0.01,TATAMOTORS,STOCKS ROW,1 INR per 0.01,TATAMOTORS,ROW,equity,-26.28,-26.28,03:45-10:00 -- 7 of 7 --
